createdAt,firstName,lastName,email,token,birthday,city,state,phone
2019-12-31,Sang-geon,Yun,c0510gy@protonmail.ch,f87ad9717af2f2c91702af732730b8fb,1999-04-15,Berlingame,CA,010101010
2020-01-02,Jhone,Corner,jhone@email.com,35350109be8d4d1064bf5624f3b51270,1900-01-15,San Francisco,CA,123451234
2020-01-08,Myoung-hee,Seo,tjaudgml59@gmail.com,a6d98c7b0fb09418baf5e8f4ecf12bf1,1996-12-04,San Mateo,CA,01031784254
2019-11-19,Yankee,Hazeltine,yhazeltine0@xing.com,12ccb8e998ddc9316d8c708f9942d138,1993-03-14,Whittier,CA,5624034187
2015-06-21,Dino,Siemianowicz,dsiemianowicz1@sohu.com,89b87e36b37b12fb6fe40d64716b2d37,1981-01-29,Danbury,CT,2036766807
2018-02-20,Candida,Ree,bree2@webeden.co.uk,018a2ee2873d29d1cd7ac8cdb9a37e33,1996-01-20,Austin,TX,5128952490
2016-11-16,Nikki,MacCahee,nmaccahee3@naver.com,58eadd5589ed3614d357c7e668c2641c,1970-11-24,El Paso,TX,9159969355
2018-04-25,Raoul,Horlick,rhorlick4@google.cn,f121b19f48e0e80a93f5c2d946fbcc29,2001-05-21,Dayton,OH,9374808618
2018-11-25,Winnie,Greenshiels,mgreenshiels5@miibeian.gov.cn,78d8e14463c97b4157c97878f85f006c,1974-01-24,Norwalk,CT,2033800548
2017-11-15,Codie,Paulino,kpaulino6@comsenz.com,ec5b2a11e6384aa967072b16590a52d0,1988-04-17,Montgomery,AL,3346118311
2015-01-05,Grantley,Sidnell,gsidnell7@fotki.com,20d9cf3a2af281e85b555d4431afc02d,1993-10-27,Oklahoma City,OK,4059048595
2017-02-15,May,McIlreavy,mmcilreavy8@fema.gov,a3a9f0b2c9472f834cadef791eac134e,1997-08-25,San Luis Obispo,CA,8057875588
2015-12-30,Radcliffe,Okroy,rokroy9@accuweather.com,e8bbbdc44127539d00cbfcd6456ae118,1972-04-26,Tulsa,OK,9184524342
2018-02-03,Dorri,Esh,sesha@who.int,8e45124ca8114b5f2a57fec66f3fe082,1978-05-27,Orlando,FL,4079816230
2019-05-25,Dasie,Nock,enockb@github.com,6c6c9c9590a5921dffd2c15f63f9aeb9,1974-09-17,Houston,TX,7132405986
2016-12-17,Terra,Gippes,igippesc@intel.com,c065919ae09811cf51b179ec2c76914c,1987-06-08,Kansas City,MO,8162194294
2016-08-13,Cherye,Robecon,probecond@reverbnation.com,7834968de1817ac0ad99f7d0db1a7712,1996-03-09,Honolulu,HI,8089896428
2014-12-28,Tanney,MacKilroe,tmackilroee@scribd.com,ffbf70660b14da1872ed8e0fd94214e2,1975-10-25,Syracuse,NY,3155434216
2019-01-31,Abigail,Keenor,pkeenorf@wikipedia.org,8af96521c87b0d7ff3ee1d0dbf294260,1992-12-31,South Bend,IN,5743893887
2019-08-27,Madlin,Bailie,bbailieg@hugedomains.com,ba96ce852e154e78f90735d2cc4042e2,1986-03-09,Fort Worth,TX,6821969178
2018-05-18,Petr,Showen,pshowenh@tinypic.com,609a798cf91cd21613ef2cde42912530,1979-01-21,Tampa,FL,8131499304
2016-01-28,Ashley,Randal,brandali@themeforest.net,7c15147ea422d96fd03585caccf954eb,1996-06-02,Reston,VA,5712947926
2015-04-09,Frank,Cregg,jcreggj@harvard.edu,95427ff5d448d5f01ab692e11d411564,1996-10-19,Brooklyn,NY,7187265024
2015-04-12,Beaufort,Gillyatt,bgillyattk@state.tx.us,6d6569c26d1d60f9380c1d6b18959ff1,2001-11-29,Phoenix,AZ,6232804532
2017-09-03,Dougy,Witherspoon,dwitherspoonl@tmall.com,9562bb577dd4d19370b9b16ce4f9cc82,1987-09-07,Billings,MT,4068419891
2019-01-30,Chad,Swaddle,cswaddlem@biblegateway.com,2babaae105674d1d607f483395fa1007,1993-05-12,Moreno Valley,CA,9512364708
2017-06-02,Darby,Schapero,hschaperon@bbb.org,c110f21f7c41aa81deed1424c65a2bb9,1998-03-09,Denver,CO,7208034568
2016-03-17,Hollyanne,Urlin,rurlino@istockphoto.com,65f7604c68eadbc7c2f00354bbfc9fe6,1972-11-04,Amarillo,TX,8069196507
2016-08-19,Hildagard,Russan,vrussanp@gmpg.org,a1bc872fd7511d5e744df37ae30c1ace,1986-12-22,Fort Collins,CO,9701613910
2019-03-20,Penelope,Mattson,amattsonq@abc.net.au,b953cc213a1fcf6bd1128534b176ef36,1997-10-04,Philadelphia,PA,2153994873
2016-02-11,Lonna,Pantecost,gpantecostr@drupal.org,b352a7a55595b45c5c84e71307840ad3,1996-07-24,Philadelphia,PA,2154687911
2014-11-25,Doro,Portman,wportmans@sbwire.com,d25299a57370b0637cce5d27a1cb294f,1992-03-13,Madison,WI,6082722077
2015-08-30,Lucinda,Dinsey,rdinseyt@php.net,5b24bb5c0f776aecf560414ad16d759c,1977-08-04,Washington,DC,2027467710
2015-08-18,Kristine,Simmell,nsimmellu@hibu.com,7c6bed23a2c007e48728f3b8658304a5,1995-11-05,Largo,FL,7276422213
2015-01-08,Danica,Burehill,cburehillv@eepurl.com,a2765c73b3a3f30d26c54bf274c0b948,1979-10-19,Phoenix,AZ,6025403898
2015-05-12,Granville,Borghese,gborghesew@last.fm,57d5a09dd0a6f93fc8fc0f3ace9c62b7,1981-05-29,Olympia,WA,3602640736
2016-06-07,Trixi,Bellinger,jbellingerx@amazon.co.jp,e9272a5b85c00afb6d7154b338bc866d,1997-11-26,Madison,WI,6084290288
2019-03-22,Eli,Almond,ealmondy@homestead.com,5b4c6e0259ca2cf07719e10918009e0c,1982-05-26,Springfield,MA,4138221976
2017-09-24,Gualterio,Dunnan,gdunnanz@admin.ch,ba6746999e30b33d42da59330f85270d,1995-09-11,Albany,NY,5187308998
2019-02-06,Remus,Aspy,raspy10@wiley.com,488987a5d259c0968953c738fbe21082,1979-09-02,Lubbock,TX,8063162854
2015-12-07,Kay,Burhouse,gburhouse11@about.me,b534332c37d288f2c8d5d0b43bdfd736,1977-06-18,Scottsdale,AZ,6233307666
2015-09-03,Warner,Morffew,wmorffew12@addtoany.com,430056fab109b5c2179554c7f730ea6d,1996-07-28,Tucson,AZ,5209534188
2016-02-15,Lorne,Kauble,lkauble13@wikispaces.com,f8e88be54385b9a07bdaced0a6b47983,1990-07-18,Philadelphia,PA,2153523560
2015-08-02,Burl,Ranklin,branklin14@reference.com,d4029a32c32876e4d44d892cce0f5ef5,1978-02-18,Pasadena,CA,3235362994
2015-11-18,Gelya,Rubanenko,rrubanenko15@theatlantic.com,83ecdac7762a31bac5f21d109c26823d,1973-12-20,Seattle,WA,4252689242
2019-06-11,Glenda,Hairon,hhairon16@amazon.de,a1e8023c978a8e47a8a2bf40d7caee27,1974-01-31,Los Angeles,CA,2133859409
2018-09-07,Hendrika,Eilhersen,meilhersen17@infoseek.co.jp,39f3455679a0ebb44d1c9da160c2239e,1982-03-19,Pasadena,CA,6261632511
2019-11-03,Alexandra,Palister,cpalister18@ezinearticles.com,6ac40e40e6e4138d797851231de77308,1998-01-01,Los Angeles,CA,3234975487
2017-05-26,Frederik,Wasiela,fwasiela19@wiley.com,341fd70564c6e6affc26234e6397e864,1981-12-07,Wichita,KS,3165766892
2014-12-19,Jacqueline,Topp,etopp1a@nih.gov,0d82469932bafff3fe113ca7e1f0a3aa,1982-11-17,Philadelphia,PA,2157782349
2016-07-28,Davide,Gunningham,dgunningham1b@nps.gov,20807162fc13c00be7cbcdd85e8ff1b0,1982-03-31,Austin,TX,5122707159
2016-12-29,Bibby,MacDonald,rmacdonald1c@npr.org,9af6c8dae2b04d4745915d5bf2ac8e09,2000-03-20,New York City,NY,2128620956
2016-12-16,Issy,Darker,cdarker1d@example.com,bfba33de83dbdcfc142e5927776e024c,1988-09-24,New York City,NY,6469309099